tender_id,reviewer_id,review_date,risk_score_at_review,rule_flags,label,binary_label,reason,evidence_fields,confidence,notes
CEN-CE-2021-01229,AUDITOR_EXP_02,2026-08-15T11:00:00,55,"RF-1, RF-4, RF-6",2,1,"Independent secondary audit: Elevated multi-factor risk: Co-occurrence of threshold manipulation, compressed bidding window, or repeat winner pattern.","duration=6.0d, threshold_val=₹4,364,764, flags=RF-1, RF-4, RF-6",0.87,Independent dual-blind forensic assessment.
2018_PWD_19280_1,AUDITOR_EXP_02,2026-08-15T13:00:00,15,RF-6,1,0,Independent secondary audit: Isolated procedural deviation without evidence of systematic competition restriction.,"flags=RF-6, bidders=6",0.83,Independent dual-blind forensic assessment.
2017_HPIPH_17188_1,AUDITOR_EXP_02,2026-08-15T15:00:00,15,RF-6,1,0,Independent secondary audit: Isolated procedural deviation without evidence of systematic competition restriction.,"flags=RF-6, bidders=2",0.83,Independent dual-blind forensic assessment.
2017_UDDHP_15578_1,AUDITOR_EXP_02,2026-08-15T17:00:00,35,"RF-5, RF-6",1,0,"Independent secondary audit: Elevated multi-factor risk: Co-occurrence of threshold manipulation, compressed bidding window, or repeat winner pattern.","duration=8.083333333333334d, threshold_val=₹225,448, flags=RF-5, RF-6",0.87,Independent dual-blind forensic assessment.
2019_HPIPH_31379_1-1135,AUDITOR_EXP_02,2026-08-15T19:00:00,35,"RF-5, RF-6",2,1,"Independent secondary audit: Elevated multi-factor risk: Co-occurrence of threshold manipulation, compressed bidding window, or repeat winner pattern.","duration=17.791666666666668d, threshold_val=₹2,317,352, flags=RF-5, RF-6",0.87,Independent dual-blind forensic assessment.
2017_PWD_15116_1,AUDITOR_EXP_02,2026-08-15T21:00:00,15,RF-6,1,0,Independent secondary audit: Isolated procedural deviation without evidence of systematic competition restriction.,"flags=RF-6, bidders=13",0.83,Independent dual-blind forensic assessment.
2017_PWD_15909_1,AUDITOR_EXP_02,2026-08-15T23:00:00,35,"RF-5, RF-6",2,1,"Independent secondary audit: Elevated multi-factor risk: Co-occurrence of threshold manipulation, compressed bidding window, or repeat winner pattern.","duration=11.916666666666666d, threshold_val=₹944,221, flags=RF-5, RF-6",0.87,Independent dual-blind forensic assessment.
KAR-KA-2021-01220,AUDITOR_EXP_02,2026-08-16T01:00:00,55,"RF-1, RF-4, RF-6",1,0,"Independent secondary audit: Elevated multi-factor risk: Co-occurrence of threshold manipulation, compressed bidding window, or repeat winner pattern.","duration=4.0d, threshold_val=₹315,793,881, flags=RF-1, RF-4, RF-6",0.87,Independent dual-blind forensic assessment.
CEN-CE-2021-01336,AUDITOR_EXP_02,2026-08-16T03:00:00,30,"RF-4, RF-6",2,1,"Independent secondary audit: Elevated multi-factor risk: Co-occurrence of threshold manipulation, compressed bidding window, or repeat winner pattern.","duration=4.0d, threshold_val=₹278,559,491, flags=RF-4, RF-6",0.87,Independent dual-blind forensic assessment.
2020_PWD_37341_4,AUDITOR_EXP_02,2026-08-16T05:00:00,35,"RF-4, RF-5",2,1,"Independent secondary audit: Elevated multi-factor risk: Co-occurrence of threshold manipulation, compressed bidding window, or repeat winner pattern.","duration=6.708333333333333d, threshold_val=₹6,864,089, flags=RF-4, RF-5",0.87,Independent dual-blind forensic assessment.
2017_MC_17725_4,AUDITOR_EXP_02,2026-08-16T07:00:00,55,"RF-3, RF-5, RF-6",2,1,"Independent secondary audit: Elevated multi-factor risk: Co-occurrence of threshold manipulation, compressed bidding window, or repeat winner pattern.","duration=8.729166666666666d, threshold_val=₹4,790,097, flags=RF-3, RF-5, RF-6",0.87,Independent dual-blind forensic assessment.
CEN-CE-2021-01206,AUDITOR_EXP_02,2026-08-16T09:00:00,30,"RF-4, RF-6",2,1,"Independent secondary audit: Elevated multi-factor risk: Co-occurrence of threshold manipulation, compressed bidding window, or repeat winner pattern.","duration=6.0d, threshold_val=₹52,384,734, flags=RF-4, RF-6",0.87,Independent dual-blind forensic assessment.
2018_HPIPH_20881_1,AUDITOR_EXP_02,2026-08-16T11:00:00,30,"RF-4, RF-6",2,1,"Independent secondary audit: Elevated multi-factor risk: Co-occurrence of threshold manipulation, compressed bidding window, or repeat winner pattern.","duration=6.875d, threshold_val=₹980,624, flags=RF-4, RF-6",0.87,Independent dual-blind forensic assessment.
2017_PWD_16725_1,AUDITOR_EXP_02,2026-08-16T13:00:00,35,"RF-5, RF-6",2,1,"Independent secondary audit: Elevated multi-factor risk: Co-occurrence of threshold manipulation, compressed bidding window, or repeat winner pattern.","duration=21.041666666666668d, threshold_val=₹20,042,633, flags=RF-5, RF-6",0.87,Independent dual-blind forensic assessment.
2017_UDDHP_18182_1,AUDITOR_EXP_02,2026-08-16T15:00:00,50,"RF-4, RF-5, RF-6",2,1,"Independent secondary audit: Elevated multi-factor risk: Co-occurrence of threshold manipulation, compressed bidding window, or repeat winner pattern.","duration=6.333333333333333d, threshold_val=₹601,710, flags=RF-4, RF-5, RF-6",0.87,Independent dual-blind forensic assessment.
CEN-CE-2021-01289,AUDITOR_EXP_02,2026-08-16T17:00:00,60,"RF-1, RF-3, RF-6",2,1,"Independent secondary audit: Elevated multi-factor risk: Co-occurrence of threshold manipulation, compressed bidding window, or repeat winner pattern.","duration=14.0d, threshold_val=₹4,694,534, flags=RF-1, RF-3, RF-6",0.87,Independent dual-blind forensic assessment.
2017_UDDHP_15567_1,AUDITOR_EXP_02,2026-08-16T19:00:00,35,"RF-5, RF-6",2,1,"Independent secondary audit: Elevated multi-factor risk: Co-occurrence of threshold manipulation, compressed bidding window, or repeat winner pattern.","duration=8.083333333333334d, threshold_val=₹351,816, flags=RF-5, RF-6",0.87,Independent dual-blind forensic assessment.
2017_PWD_17350_3,AUDITOR_EXP_02,2026-08-16T21:00:00,0,NONE,0,0,"Independent secondary audit: Compliant procurement: Competitive bidding window, standard price alignment, and multiple participating suppliers.","bidders=2, duration=19.916666666666668d, estimate_alignment=OK",0.94,Independent dual-blind forensic assessment.
2020_HPIPH_34568_1,AUDITOR_EXP_02,2026-08-16T23:00:00,0,NONE,0,0,"Independent secondary audit: Compliant procurement: Competitive bidding window, standard price alignment, and multiple participating suppliers.","bidders=4, duration=13.25d, estimate_alignment=OK",0.94,Independent dual-blind forensic assessment.
2018_PWD_19648_10-945,AUDITOR_EXP_02,2026-08-17T01:00:00,35,"RF-5, RF-6",2,1,"Independent secondary audit: Elevated multi-factor risk: Co-occurrence of threshold manipulation, compressed bidding window, or repeat winner pattern.","duration=18.041666666666668d, threshold_val=₹2,891,768, flags=RF-5, RF-6",0.87,Independent dual-blind forensic assessment.
CEN-CE-2021-01042,AUDITOR_EXP_02,2026-08-17T03:00:00,40,"RF-1, RF-6",2,1,"Independent secondary audit: Elevated multi-factor risk: Co-occurrence of threshold manipulation, compressed bidding window, or repeat winner pattern.","duration=21.0d, threshold_val=₹5,646,571, flags=RF-1, RF-6",0.87,Independent dual-blind forensic assessment.
2017_PWD_14982_11,AUDITOR_EXP_02,2026-08-17T05:00:00,40,"RF-1, RF-6",2,1,"Independent secondary audit: Elevated multi-factor risk: Co-occurrence of threshold manipulation, compressed bidding window, or repeat winner pattern.","duration=21.041666666666668d, threshold_val=₹2,044,708, flags=RF-1, RF-6",0.87,Independent dual-blind forensic assessment.
2017_PWD_15556_3,AUDITOR_EXP_02,2026-08-17T07:00:00,40,"RF-1, RF-6",2,1,"Independent secondary audit: Elevated multi-factor risk: Co-occurrence of threshold manipulation, compressed bidding window, or repeat winner pattern.","duration=11.114583333333334d, threshold_val=₹2,727,663, flags=RF-1, RF-6",0.87,Independent dual-blind forensic assessment.
2017_PWD_16759_2,AUDITOR_EXP_02,2026-08-17T09:00:00,35,"RF-5, RF-6",1,0,"Independent secondary audit: Elevated multi-factor risk: Co-occurrence of threshold manipulation, compressed bidding window, or repeat winner pattern.","duration=19.70833333333333d, threshold_val=₹1,230,880, flags=RF-5, RF-6",0.87,Independent dual-blind forensic assessment.
2019_HPIPH_27040_1,AUDITOR_EXP_02,2026-08-17T11:00:00,0,NONE,0,0,"Independent secondary audit: Compliant procurement: Competitive bidding window, standard price alignment, and multiple participating suppliers.","bidders=2, duration=12.975694444444445d, estimate_alignment=OK",0.94,Independent dual-blind forensic assessment.
2017_PWD_16854_1,AUDITOR_EXP_02,2026-08-17T13:00:00,15,RF-6,1,0,Independent secondary audit: Isolated procedural deviation without evidence of systematic competition restriction.,"flags=RF-6, bidders=2",0.83,Independent dual-blind forensic assessment.
MAH-MA-2021-01105,AUDITOR_EXP_02,2026-08-17T15:00:00,50,"RF-4, RF-5, RF-6",1,0,"Independent secondary audit: Elevated multi-factor risk: Co-occurrence of threshold manipulation, compressed bidding window, or repeat winner pattern.","duration=6.0d, threshold_val=₹73,460,810, flags=RF-4, RF-5, RF-6",0.87,Independent dual-blind forensic assessment.
RAJ-RA-2021-01091,AUDITOR_EXP_02,2026-08-17T17:00:00,15,RF-6,1,0,Independent secondary audit: Isolated procedural deviation without evidence of systematic competition restriction.,"flags=RF-6, bidders=2",0.83,Independent dual-blind forensic assessment.
CEN-CE-2021-01332,AUDITOR_EXP_02,2026-08-17T19:00:00,50,"RF-4, RF-5, RF-6",2,1,"Independent secondary audit: Elevated multi-factor risk: Co-occurrence of threshold manipulation, compressed bidding window, or repeat winner pattern.","duration=4.0d, threshold_val=₹6,737,053, flags=RF-4, RF-5, RF-6",0.87,Independent dual-blind forensic assessment.
KAR-KA-2021-01123,AUDITOR_EXP_02,2026-08-17T21:00:00,30,"RF-4, RF-6",2,1,"Independent secondary audit: Elevated multi-factor risk: Co-occurrence of threshold manipulation, compressed bidding window, or repeat winner pattern.","duration=4.0d, threshold_val=₹7,027,688, flags=RF-4, RF-6",0.87,Independent dual-blind forensic assessment.
UTT-UT-2021-01088,AUDITOR_EXP_02,2026-08-17T23:00:00,30,"RF-4, RF-6",2,1,"Independent secondary audit: Elevated multi-factor risk: Co-occurrence of threshold manipulation, compressed bidding window, or repeat winner pattern.","duration=6.0d, threshold_val=₹10,088,855, flags=RF-4, RF-6",0.87,Independent dual-blind forensic assessment.
KAR-KA-2021-01097,AUDITOR_EXP_02,2026-08-18T01:00:00,60,"RF-1, RF-5, RF-6",3,1,Independent secondary audit: Severe procurement anomaly: Single-bidder monopoly coupled with high price deviation or department dominance.,"bidders=1, price_deviation=0.35, flags=RF-1, RF-5, RF-6",0.9299999999999999,Independent dual-blind forensic assessment.
2017_UDDHP_15249_1,AUDITOR_EXP_02,2026-08-18T03:00:00,35,"RF-5, RF-6",2,1,"Independent secondary audit: Elevated multi-factor risk: Co-occurrence of threshold manipulation, compressed bidding window, or repeat winner pattern.","duration=7.0625d, threshold_val=₹602,880, flags=RF-5, RF-6",0.87,Independent dual-blind forensic assessment.
2018_HPIPH_24330_1-2099,AUDITOR_EXP_02,2026-08-18T05:00:00,35,"RF-5, RF-6",2,1,"Independent secondary audit: Elevated multi-factor risk: Co-occurrence of threshold manipulation, compressed bidding window, or repeat winner pattern.","duration=9.916666666666666d, threshold_val=₹2,799,214, flags=RF-5, RF-6",0.87,Independent dual-blind forensic assessment.
2019_HPIPH_31482_1,AUDITOR_EXP_02,2026-08-18T07:00:00,35,"RF-5, RF-6",2,1,"Independent secondary audit: Elevated multi-factor risk: Co-occurrence of threshold manipulation, compressed bidding window, or repeat winner pattern.","duration=14.75d, threshold_val=₹5,074,502, flags=RF-5, RF-6",0.87,Independent dual-blind forensic assessment.
RAJ-RA-2021-01065,AUDITOR_EXP_02,2026-08-18T09:00:00,40,"RF-1, RF-6",2,1,"Independent secondary audit: Elevated multi-factor risk: Co-occurrence of threshold manipulation, compressed bidding window, or repeat winner pattern.","duration=30.0d, threshold_val=₹16,342,380, flags=RF-1, RF-6",0.87,Independent dual-blind forensic assessment.
2017_PWD_15616_1,AUDITOR_EXP_02,2026-08-18T11:00:00,40,"RF-1, RF-6",1,0,"Independent secondary audit: Elevated multi-factor risk: Co-occurrence of threshold manipulation, compressed bidding window, or repeat winner pattern.","duration=21.14583333333333d, threshold_val=₹2,579,577, flags=RF-1, RF-6",0.87,Independent dual-blind forensic assessment.
2019_HPIPH_27732_1,AUDITOR_EXP_02,2026-08-18T13:00:00,20,RF-5,1,0,Independent secondary audit: Isolated procedural deviation without evidence of systematic competition restriction.,"flags=RF-5, bidders=3",0.83,Independent dual-blind forensic assessment.
KAR-KA-2021-01203,AUDITOR_EXP_02,2026-08-18T15:00:00,55,"RF-1, RF-4, RF-6",2,1,"Independent secondary audit: Elevated multi-factor risk: Co-occurrence of threshold manipulation, compressed bidding window, or repeat winner pattern.","duration=4.0d, threshold_val=₹3,023,939, flags=RF-1, RF-4, RF-6",0.87,Independent dual-blind forensic assessment.
RAJ-RA-2021-01205,AUDITOR_EXP_02,2026-08-18T17:00:00,50,"RF-4, RF-5, RF-6",2,1,"Independent secondary audit: Elevated multi-factor risk: Co-occurrence of threshold manipulation, compressed bidding window, or repeat winner pattern.","duration=6.0d, threshold_val=₹2,986,234, flags=RF-4, RF-5, RF-6",0.87,Independent dual-blind forensic assessment.
2018_MC_22410_1,AUDITOR_EXP_02,2026-08-18T19:00:00,15,RF-6,1,0,Independent secondary audit: Isolated procedural deviation without evidence of systematic competition restriction.,"flags=RF-6, bidders=4",0.83,Independent dual-blind forensic assessment.
KAR-KA-2021-01205,AUDITOR_EXP_02,2026-08-18T21:00:00,35,"RF-5, RF-6",2,1,"Independent secondary audit: Elevated multi-factor risk: Co-occurrence of threshold manipulation, compressed bidding window, or repeat winner pattern.","duration=21.0d, threshold_val=₹1,176,090, flags=RF-5, RF-6",0.87,Independent dual-blind forensic assessment.
2018_HPIPH_22260_1,AUDITOR_EXP_02,2026-08-18T23:00:00,0,NONE,0,0,"Independent secondary audit: Compliant procurement: Competitive bidding window, standard price alignment, and multiple participating suppliers.","bidders=7, duration=21.08333333333333d, estimate_alignment=OK",0.94,Independent dual-blind forensic assessment.
2018_HPIPH_22738_1,AUDITOR_EXP_02,2026-08-19T01:00:00,35,"RF-5, RF-6",2,1,"Independent secondary audit: Elevated multi-factor risk: Co-occurrence of threshold manipulation, compressed bidding window, or repeat winner pattern.","duration=17.791666666666668d, threshold_val=₹1,540,000, flags=RF-5, RF-6",0.87,Independent dual-blind forensic assessment.
2020_HPIPH_35637_1,AUDITOR_EXP_02,2026-08-19T03:00:00,35,"RF-5, RF-6",2,1,"Independent secondary audit: Elevated multi-factor risk: Co-occurrence of threshold manipulation, compressed bidding window, or repeat winner pattern.","duration=14.75d, threshold_val=₹3,974,845, flags=RF-5, RF-6",0.87,Independent dual-blind forensic assessment.
CEN-CE-2021-01262,AUDITOR_EXP_02,2026-08-19T05:00:00,35,"RF-5, RF-6",2,1,"Independent secondary audit: Elevated multi-factor risk: Co-occurrence of threshold manipulation, compressed bidding window, or repeat winner pattern.","duration=14.0d, threshold_val=₹102,059,113, flags=RF-5, RF-6",0.87,Independent dual-blind forensic assessment.
2017_PWD_17327_1,AUDITOR_EXP_02,2026-08-19T07:00:00,35,"RF-5, RF-6",2,1,"Independent secondary audit: Elevated multi-factor risk: Co-occurrence of threshold manipulation, compressed bidding window, or repeat winner pattern.","duration=21.041666666666668d, threshold_val=₹1,227,797, flags=RF-5, RF-6",0.87,Independent dual-blind forensic assessment.
2017_PWD_17482_1,AUDITOR_EXP_02,2026-08-19T09:00:00,0,NONE,0,0,"Independent secondary audit: Compliant procurement: Competitive bidding window, standard price alignment, and multiple participating suppliers.","bidders=7, duration=20.875d, estimate_alignment=OK",0.94,Independent dual-blind forensic assessment.
MAH-MA-2021-01267,AUDITOR_EXP_02,2026-08-19T11:00:00,15,RF-6,1,0,Independent secondary audit: Isolated procedural deviation without evidence of systematic competition restriction.,"flags=RF-6, bidders=4",0.83,Independent dual-blind forensic assessment.
MAH-MA-2021-01118,AUDITOR_EXP_02,2026-08-19T13:00:00,30,"RF-4, RF-6",1,0,"Independent secondary audit: Elevated multi-factor risk: Co-occurrence of threshold manipulation, compressed bidding window, or repeat winner pattern.","duration=4.0d, threshold_val=₹144,265,171, flags=RF-4, RF-6",0.87,Independent dual-blind forensic assessment.
RAJ-RA-2021-01105,AUDITOR_EXP_02,2026-08-19T15:00:00,55,"RF-1, RF-4, RF-6",2,1,"Independent secondary audit: Elevated multi-factor risk: Co-occurrence of threshold manipulation, compressed bidding window, or repeat winner pattern.","duration=6.0d, threshold_val=₹2,505,850, flags=RF-1, RF-4, RF-6",0.87,Independent dual-blind forensic assessment.
MAH-MA-2021-01158,AUDITOR_EXP_02,2026-08-19T17:00:00,35,"RF-4, RF-5",2,1,"Independent secondary audit: Elevated multi-factor risk: Co-occurrence of threshold manipulation, compressed bidding window, or repeat winner pattern.","duration=6.0d, threshold_val=₹6,684,943, flags=RF-4, RF-5",0.87,Independent dual-blind forensic assessment.
CEN-CE-2021-01057,AUDITOR_EXP_02,2026-08-19T19:00:00,30,"RF-4, RF-6",1,0,"Independent secondary audit: Elevated multi-factor risk: Co-occurrence of threshold manipulation, compressed bidding window, or repeat winner pattern.","duration=6.0d, threshold_val=₹7,924,231, flags=RF-4, RF-6",0.87,Independent dual-blind forensic assessment.
2017_UDDHP_16127_1,AUDITOR_EXP_02,2026-08-19T21:00:00,50,"RF-4, RF-5, RF-6",2,1,"Independent secondary audit: Elevated multi-factor risk: Co-occurrence of threshold manipulation, compressed bidding window, or repeat winner pattern.","duration=5.166666666666667d, threshold_val=₹231,754, flags=RF-4, RF-5, RF-6",0.87,Independent dual-blind forensic assessment.
2018_UDDHP_21954_1,AUDITOR_EXP_02,2026-08-19T23:00:00,0,NONE,0,0,"Independent secondary audit: Compliant procurement: Competitive bidding window, standard price alignment, and multiple participating suppliers.","bidders=3, duration=20.33333333333333d, estimate_alignment=OK",0.94,Independent dual-blind forensic assessment.
KAR-KA-2021-01156,AUDITOR_EXP_02,2026-08-20T01:00:00,55,"RF-1, RF-4, RF-6",2,1,"Independent secondary audit: Elevated multi-factor risk: Co-occurrence of threshold manipulation, compressed bidding window, or repeat winner pattern.","duration=4.0d, threshold_val=₹192,566,458, flags=RF-1, RF-4, RF-6",0.87,Independent dual-blind forensic assessment.
UTT-UT-2021-01100,AUDITOR_EXP_02,2026-08-20T03:00:00,55,"RF-1, RF-4, RF-6",2,1,"Independent secondary audit: Elevated multi-factor risk: Co-occurrence of threshold manipulation, compressed bidding window, or repeat winner pattern.","duration=6.0d, threshold_val=₹4,388,750, flags=RF-1, RF-4, RF-6",0.87,Independent dual-blind forensic assessment.
2018_PWD_20190_1,AUDITOR_EXP_02,2026-08-20T05:00:00,35,"RF-4, RF-5",2,1,"Independent secondary audit: Elevated multi-factor risk: Co-occurrence of threshold manipulation, compressed bidding window, or repeat winner pattern.","duration=6.041666666666667d, threshold_val=₹10,349,981, flags=RF-4, RF-5",0.87,Independent dual-blind forensic assessment.
2017_PWD_16971_1,AUDITOR_EXP_02,2026-08-20T07:00:00,0,NONE,0,0,"Independent secondary audit: Compliant procurement: Competitive bidding window, standard price alignment, and multiple participating suppliers.","bidders=4, duration=18.979166666666668d, estimate_alignment=OK",0.94,Independent dual-blind forensic assessment.
RAJ-RA-2021-01017,AUDITOR_EXP_02,2026-08-20T09:00:00,30,"RF-4, RF-6",2,1,"Independent secondary audit: Elevated multi-factor risk: Co-occurrence of threshold manipulation, compressed bidding window, or repeat winner pattern.","duration=6.0d, threshold_val=₹18,185,981, flags=RF-4, RF-6",0.87,Independent dual-blind forensic assessment.
2018_PWD_19844_5,AUDITOR_EXP_02,2026-08-20T11:00:00,35,"RF-5, RF-6",2,1,"Independent secondary audit: Elevated multi-factor risk: Co-occurrence of threshold manipulation, compressed bidding window, or repeat winner pattern.","duration=20.0d, threshold_val=₹2,515,704, flags=RF-5, RF-6",0.87,Independent dual-blind forensic assessment.
2017_HPIPH_17632_1-772,AUDITOR_EXP_02,2026-08-20T13:00:00,30,"RF-4, RF-6",2,1,"Independent secondary audit: Elevated multi-factor risk: Co-occurrence of threshold manipulation, compressed bidding window, or repeat winner pattern.","duration=6.9375d, threshold_val=₹288,308, flags=RF-4, RF-6",0.87,Independent dual-blind forensic assessment.
CEN-CE-2021-01066,AUDITOR_EXP_02,2026-08-20T15:00:00,35,"RF-5, RF-6",1,0,"Independent secondary audit: Elevated multi-factor risk: Co-occurrence of threshold manipulation, compressed bidding window, or repeat winner pattern.","duration=21.0d, threshold_val=₹135,934,432, flags=RF-5, RF-6",0.87,Independent dual-blind forensic assessment.
CEN-CE-2021-01224,AUDITOR_EXP_02,2026-08-20T17:00:00,30,"RF-4, RF-6",2,1,"Independent secondary audit: Elevated multi-factor risk: Co-occurrence of threshold manipulation, compressed bidding window, or repeat winner pattern.","duration=6.0d, threshold_val=₹15,007,436, flags=RF-4, RF-6",0.87,Independent dual-blind forensic assessment.
2017_PWD_15803_1,AUDITOR_EXP_02,2026-08-20T19:00:00,15,RF-6,1,0,Independent secondary audit: Isolated procedural deviation without evidence of systematic competition restriction.,"flags=RF-6, bidders=3",0.83,Independent dual-blind forensic assessment.
2019_HPIPH_32629_1,AUDITOR_EXP_02,2026-08-20T21:00:00,0,NONE,0,0,"Independent secondary audit: Compliant procurement: Competitive bidding window, standard price alignment, and multiple participating suppliers.","bidders=6, duration=19.83333333333333d, estimate_alignment=OK",0.94,Independent dual-blind forensic assessment.
MAH-MA-2021-01140,AUDITOR_EXP_02,2026-08-20T23:00:00,60,"RF-1, RF-5, RF-6",3,1,Independent secondary audit: Severe procurement anomaly: Single-bidder monopoly coupled with high price deviation or department dominance.,"bidders=1, price_deviation=0.35, flags=RF-1, RF-5, RF-6",0.9299999999999999,Independent dual-blind forensic assessment.
2017_HPIPH_17745_1-466,AUDITOR_EXP_02,2026-08-21T01:00:00,30,"RF-4, RF-6",2,1,"Independent secondary audit: Elevated multi-factor risk: Co-occurrence of threshold manipulation, compressed bidding window, or repeat winner pattern.","duration=5.125d, threshold_val=₹676,500, flags=RF-4, RF-6",0.87,Independent dual-blind forensic assessment.
2018_HPIPH_21428_1,AUDITOR_EXP_02,2026-08-21T03:00:00,35,"RF-5, RF-6",2,1,"Independent secondary audit: Elevated multi-factor risk: Co-occurrence of threshold manipulation, compressed bidding window, or repeat winner pattern.","duration=30.0d, threshold_val=₹1,627,629, flags=RF-5, RF-6",0.87,Independent dual-blind forensic assessment.
2017_HPIPH_14668_1,AUDITOR_EXP_02,2026-08-21T05:00:00,0,NONE,0,0,"Independent secondary audit: Compliant procurement: Competitive bidding window, standard price alignment, and multiple participating suppliers.","bidders=4, duration=22.75d, estimate_alignment=OK",0.94,Independent dual-blind forensic assessment.
CEN-CE-2021-01009,AUDITOR_EXP_02,2026-08-21T07:00:00,35,"RF-5, RF-6",2,1,"Independent secondary audit: Elevated multi-factor risk: Co-occurrence of threshold manipulation, compressed bidding window, or repeat winner pattern.","duration=14.0d, threshold_val=₹751,864, flags=RF-5, RF-6",0.87,Independent dual-blind forensic assessment.
2018_HPIPH_22389_1,AUDITOR_EXP_02,2026-08-21T09:00:00,35,"RF-5, RF-6",2,1,"Independent secondary audit: Elevated multi-factor risk: Co-occurrence of threshold manipulation, compressed bidding window, or repeat winner pattern.","duration=22.75d, threshold_val=₹2,584,957, flags=RF-5, RF-6",0.87,Independent dual-blind forensic assessment.
2018_PWD_19808_1,AUDITOR_EXP_02,2026-08-21T11:00:00,30,"RF-4, RF-6",2,1,"Independent secondary audit: Elevated multi-factor risk: Co-occurrence of threshold manipulation, compressed bidding window, or repeat winner pattern.","duration=6.708333333333333d, threshold_val=₹5,452,524, flags=RF-4, RF-6",0.87,Independent dual-blind forensic assessment.
2020_HPIPH_34744_2,AUDITOR_EXP_02,2026-08-21T13:00:00,35,"RF-5, RF-6",2,1,"Independent secondary audit: Elevated multi-factor risk: Co-occurrence of threshold manipulation, compressed bidding window, or repeat winner pattern.","duration=13.75d, threshold_val=₹5,945,255, flags=RF-5, RF-6",0.87,Independent dual-blind forensic assessment.
2018_HPIPH_22256_1,AUDITOR_EXP_02,2026-08-21T15:00:00,0,NONE,0,0,"Independent secondary audit: Compliant procurement: Competitive bidding window, standard price alignment, and multiple participating suppliers.","bidders=7, duration=21.08333333333333d, estimate_alignment=OK",0.94,Independent dual-blind forensic assessment.
MAH-MA-2021-01157,AUDITOR_EXP_02,2026-08-21T17:00:00,55,"RF-1, RF-4, RF-6",2,1,"Independent secondary audit: Elevated multi-factor risk: Co-occurrence of threshold manipulation, compressed bidding window, or repeat winner pattern.","duration=6.0d, threshold_val=₹5,028,923, flags=RF-1, RF-4, RF-6",0.87,Independent dual-blind forensic assessment.
2019_HPIPH_27745_1,AUDITOR_EXP_02,2026-08-21T19:00:00,35,"RF-5, RF-6",2,1,"Independent secondary audit: Elevated multi-factor risk: Co-occurrence of threshold manipulation, compressed bidding window, or repeat winner pattern.","duration=12.0d, threshold_val=₹1,814,619, flags=RF-5, RF-6",0.87,Independent dual-blind forensic assessment.
CEN-CE-2021-01020,AUDITOR_EXP_02,2026-08-21T21:00:00,55,"RF-1, RF-4, RF-6",2,1,"Independent secondary audit: Elevated multi-factor risk: Co-occurrence of threshold manipulation, compressed bidding window, or repeat winner pattern.","duration=4.0d, threshold_val=₹252,591,542, flags=RF-1, RF-4, RF-6",0.87,Independent dual-blind forensic assessment.
KAR-KA-2021-01151,AUDITOR_EXP_02,2026-08-21T23:00:00,15,RF-6,1,0,Independent secondary audit: Isolated procedural deviation without evidence of systematic competition restriction.,"flags=RF-6, bidders=3",0.83,Independent dual-blind forensic assessment.
UTT-UT-2021-01085,AUDITOR_EXP_02,2026-08-22T01:00:00,50,"RF-4, RF-5, RF-6",2,1,"Independent secondary audit: Elevated multi-factor risk: Co-occurrence of threshold manipulation, compressed bidding window, or repeat winner pattern.","duration=4.0d, threshold_val=₹312,531,737, flags=RF-4, RF-5, RF-6",0.87,Independent dual-blind forensic assessment.
UTT-UT-2021-01077,AUDITOR_EXP_02,2026-08-22T03:00:00,60,"RF-1, RF-5, RF-6",3,1,Independent secondary audit: Severe procurement anomaly: Single-bidder monopoly coupled with high price deviation or department dominance.,"bidders=1, price_deviation=0.35, flags=RF-1, RF-5, RF-6",0.9299999999999999,Independent dual-blind forensic assessment.
UTT-UT-2021-01033,AUDITOR_EXP_02,2026-08-22T05:00:00,50,"RF-4, RF-5, RF-6",2,1,"Independent secondary audit: Elevated multi-factor risk: Co-occurrence of threshold manipulation, compressed bidding window, or repeat winner pattern.","duration=6.0d, threshold_val=₹20,273,142, flags=RF-4, RF-5, RF-6",0.87,Independent dual-blind forensic assessment.
2017_PWD_18216_1,AUDITOR_EXP_02,2026-08-22T07:00:00,25,RF-2,1,0,Independent secondary audit: Isolated procedural deviation without evidence of systematic competition restriction.,"flags=RF-2, bidders=4",0.83,Independent dual-blind forensic assessment.
2016_HPIPH_13183_1,AUDITOR_EXP_02,2026-08-22T09:00:00,35,"RF-5, RF-6",2,1,"Independent secondary audit: Elevated multi-factor risk: Co-occurrence of threshold manipulation, compressed bidding window, or repeat winner pattern.","duration=23.0d, threshold_val=₹1,406,020, flags=RF-5, RF-6",0.87,Independent dual-blind forensic assessment.
2017_PWD_15289_1,AUDITOR_EXP_02,2026-08-22T11:00:00,35,"RF-5, RF-6",2,1,"Independent secondary audit: Elevated multi-factor risk: Co-occurrence of threshold manipulation, compressed bidding window, or repeat winner pattern.","duration=20.6875d, threshold_val=₹828,550, flags=RF-5, RF-6",0.87,Independent dual-blind forensic assessment.
2018_PWD_20138_1-403,AUDITOR_EXP_02,2026-08-22T13:00:00,35,"RF-5, RF-6",2,1,"Independent secondary audit: Elevated multi-factor risk: Co-occurrence of threshold manipulation, compressed bidding window, or repeat winner pattern.","duration=12.0d, threshold_val=₹2,057,697, flags=RF-5, RF-6",0.87,Independent dual-blind forensic assessment.
2018_PWD_20117_1,AUDITOR_EXP_02,2026-08-22T15:00:00,30,"RF-4, RF-6",2,1,"Independent secondary audit: Elevated multi-factor risk: Co-occurrence of threshold manipulation, compressed bidding window, or repeat winner pattern.","duration=6.270833333333333d, threshold_val=₹1,909,394, flags=RF-4, RF-6",0.87,Independent dual-blind forensic assessment.
MAH-MA-2021-01220,AUDITOR_EXP_02,2026-08-22T17:00:00,55,"RF-1, RF-4, RF-6",2,1,"Independent secondary audit: Elevated multi-factor risk: Co-occurrence of threshold manipulation, compressed bidding window, or repeat winner pattern.","duration=4.0d, threshold_val=₹4,390,553, flags=RF-1, RF-4, RF-6",0.87,Independent dual-blind forensic assessment.
2017_UDDHP_15849_1,AUDITOR_EXP_02,2026-08-22T19:00:00,35,"RF-5, RF-6",2,1,"Independent secondary audit: Elevated multi-factor risk: Co-occurrence of threshold manipulation, compressed bidding window, or repeat winner pattern.","duration=7.083333333333333d, threshold_val=₹319,453, flags=RF-5, RF-6",0.87,Independent dual-blind forensic assessment.
2017_PWD_15710_1,AUDITOR_EXP_02,2026-08-22T21:00:00,50,"RF-3, RF-4, RF-6",2,1,"Independent secondary audit: Elevated multi-factor risk: Co-occurrence of threshold manipulation, compressed bidding window, or repeat winner pattern.","duration=5.041666666666667d, threshold_val=₹4,669,538, flags=RF-3, RF-4, RF-6",0.87,Independent dual-blind forensic assessment.
MAH-MA-2021-01053,AUDITOR_EXP_02,2026-08-22T23:00:00,40,"RF-1, RF-6",2,1,"Independent secondary audit: Elevated multi-factor risk: Co-occurrence of threshold manipulation, compressed bidding window, or repeat winner pattern.","duration=30.0d, threshold_val=₹110,178,644, flags=RF-1, RF-6",0.87,Independent dual-blind forensic assessment.
2017_PWD_14679_1-1450,AUDITOR_EXP_02,2026-08-23T01:00:00,30,"RF-4, RF-6",2,1,"Independent secondary audit: Elevated multi-factor risk: Co-occurrence of threshold manipulation, compressed bidding window, or repeat winner pattern.","duration=6.6875d, threshold_val=₹1,176,241, flags=RF-4, RF-6",0.87,Independent dual-blind forensic assessment.
2017_UDDHP_17262_1-3790,AUDITOR_EXP_02,2026-08-23T03:00:00,35,"RF-5, RF-6",2,1,"Independent secondary audit: Elevated multi-factor risk: Co-occurrence of threshold manipulation, compressed bidding window, or repeat winner pattern.","duration=11.75d, threshold_val=₹1,516,685, flags=RF-5, RF-6",0.87,Independent dual-blind forensic assessment.
2017_HPIPH_17745_1,AUDITOR_EXP_02,2026-08-23T05:00:00,35,"RF-4, RF-5",2,1,"Independent secondary audit: Elevated multi-factor risk: Co-occurrence of threshold manipulation, compressed bidding window, or repeat winner pattern.","duration=5.125d, threshold_val=₹718,841, flags=RF-4, RF-5",0.87,Independent dual-blind forensic assessment.
2018_HPIPH_19208_1-2917,AUDITOR_EXP_02,2026-08-23T07:00:00,30,"RF-4, RF-6",2,1,"Independent secondary audit: Elevated multi-factor risk: Co-occurrence of threshold manipulation, compressed bidding window, or repeat winner pattern.","duration=6.083333333333333d, threshold_val=₹1,178,386, flags=RF-4, RF-6",0.87,Independent dual-blind forensic assessment.
2018_FDC_19809_1,AUDITOR_EXP_02,2026-08-23T09:00:00,55,"RF-1, RF-4, RF-6",2,1,"Independent secondary audit: Elevated multi-factor risk: Co-occurrence of threshold manipulation, compressed bidding window, or repeat winner pattern.","duration=6.166666666666667d, threshold_val=₹1,276,483, flags=RF-1, RF-4, RF-6",0.87,Independent dual-blind forensic assessment.
2018_HPIPH_21007_1,AUDITOR_EXP_02,2026-08-23T11:00:00,15,RF-6,1,0,Independent secondary audit: Isolated procedural deviation without evidence of systematic competition restriction.,"flags=RF-6, bidders=7",0.83,Independent dual-blind forensic assessment.
2017_PWD_18189_2,AUDITOR_EXP_02,2026-08-23T13:00:00,45,"RF-1, RF-5",3,1,Independent secondary audit: Severe procurement anomaly: Single-bidder monopoly coupled with high price deviation or department dominance.,"bidders=1, price_deviation=0.62, flags=RF-1, RF-5",0.9299999999999999,Independent dual-blind forensic assessment.
2017_UDDHP_18297_1,AUDITOR_EXP_02,2026-08-23T15:00:00,50,"RF-4, RF-5, RF-6",2,1,"Independent secondary audit: Elevated multi-factor risk: Co-occurrence of threshold manipulation, compressed bidding window, or repeat winner pattern.","duration=5.333333333333333d, threshold_val=₹298,985, flags=RF-4, RF-5, RF-6",0.87,Independent dual-blind forensic assessment.
2018_MC_19610_12,AUDITOR_EXP_02,2026-08-23T17:00:00,35,"RF-4, RF-5",2,1,"Independent secondary audit: Elevated multi-factor risk: Co-occurrence of threshold manipulation, compressed bidding window, or repeat winner pattern.","duration=6.6875d, threshold_val=₹1,995,165, flags=RF-4, RF-5",0.87,Independent dual-blind forensic assessment.
MAH-MA-2021-01205,AUDITOR_EXP_02,2026-08-23T19:00:00,55,"RF-1, RF-4, RF-6",1,0,"Independent secondary audit: Elevated multi-factor risk: Co-occurrence of threshold manipulation, compressed bidding window, or repeat winner pattern.","duration=4.0d, threshold_val=₹12,423,966, flags=RF-1, RF-4, RF-6",0.87,Independent dual-blind forensic assessment.
2017_PWD_18050_1,AUDITOR_EXP_02,2026-08-23T21:00:00,40,"RF-1, RF-6",2,1,"Independent secondary audit: Elevated multi-factor risk: Co-occurrence of threshold manipulation, compressed bidding window, or repeat winner pattern.","duration=7.083333333333333d, threshold_val=₹9,311,226, flags=RF-1, RF-6",0.87,Independent dual-blind forensic assessment.
RAJ-RA-2021-01133,AUDITOR_EXP_02,2026-08-23T23:00:00,50,"RF-3, RF-4, RF-6",2,1,"Independent secondary audit: Elevated multi-factor risk: Co-occurrence of threshold manipulation, compressed bidding window, or repeat winner pattern.","duration=6.0d, threshold_val=₹4,706,152, flags=RF-3, RF-4, RF-6",0.87,Independent dual-blind forensic assessment.
2019_PWD_30934_2,AUDITOR_EXP_02,2026-08-24T01:00:00,35,"RF-4, RF-5",1,0,"Independent secondary audit: Elevated multi-factor risk: Co-occurrence of threshold manipulation, compressed bidding window, or repeat winner pattern.","duration=5.708333333333333d, threshold_val=₹6,828,723, flags=RF-4, RF-5",0.87,Independent dual-blind forensic assessment.
UTT-UT-2021-01201,AUDITOR_EXP_02,2026-08-24T03:00:00,40,"RF-1, RF-6",2,1,"Independent secondary audit: Elevated multi-factor risk: Co-occurrence of threshold manipulation, compressed bidding window, or repeat winner pattern.","duration=21.0d, threshold_val=₹303,551,519, flags=RF-1, RF-6",0.87,Independent dual-blind forensic assessment.
2018_HPIPH_24148_1,AUDITOR_EXP_02,2026-08-24T05:00:00,35,"RF-5, RF-6",2,1,"Independent secondary audit: Elevated multi-factor risk: Co-occurrence of threshold manipulation, compressed bidding window, or repeat winner pattern.","duration=21.76736111111111d, threshold_val=₹34,106,258, flags=RF-5, RF-6",0.87,Independent dual-blind forensic assessment.
2019_PWD_26941_1,AUDITOR_EXP_02,2026-08-24T07:00:00,0,NONE,0,0,"Independent secondary audit: Compliant procurement: Competitive bidding window, standard price alignment, and multiple participating suppliers.","bidders=7, duration=20.729166666666668d, estimate_alignment=OK",0.94,Independent dual-blind forensic assessment.
2019_HPIPH_30432_1,AUDITOR_EXP_02,2026-08-24T09:00:00,20,RF-5,1,0,Independent secondary audit: Isolated procedural deviation without evidence of systematic competition restriction.,"flags=RF-5, bidders=3",0.83,Independent dual-blind forensic assessment.
2018_HPIPH_19198_1-1846,AUDITOR_EXP_02,2026-08-24T11:00:00,50,"RF-4, RF-5, RF-6",2,1,"Independent secondary audit: Elevated multi-factor risk: Co-occurrence of threshold manipulation, compressed bidding window, or repeat winner pattern.","duration=6.208333333333333d, threshold_val=₹2,280,000, flags=RF-4, RF-5, RF-6",0.87,Independent dual-blind forensic assessment.
2018_FD_19656_1,AUDITOR_EXP_02,2026-08-24T13:00:00,0,NONE,0,0,"Independent secondary audit: Compliant procurement: Competitive bidding window, standard price alignment, and multiple participating suppliers.","bidders=4, duration=10.96875d, estimate_alignment=OK",0.94,Independent dual-blind forensic assessment.
2017_UDDHP_16372_1,AUDITOR_EXP_02,2026-08-24T15:00:00,35,"RF-5, RF-6",2,1,"Independent secondary audit: Elevated multi-factor risk: Co-occurrence of threshold manipulation, compressed bidding window, or repeat winner pattern.","duration=8.208333333333334d, threshold_val=₹605,525, flags=RF-5, RF-6",0.87,Independent dual-blind forensic assessment.
2018_PWD_20277_1,AUDITOR_EXP_02,2026-08-24T17:00:00,35,"RF-5, RF-6",2,1,"Independent secondary audit: Elevated multi-factor risk: Co-occurrence of threshold manipulation, compressed bidding window, or repeat winner pattern.","duration=11.958333333333334d, threshold_val=₹881,545, flags=RF-5, RF-6",0.87,Independent dual-blind forensic assessment.
CEN-CE-2021-01089,AUDITOR_EXP_02,2026-08-24T19:00:00,50,"RF-4, RF-5, RF-6",2,1,"Independent secondary audit: Elevated multi-factor risk: Co-occurrence of threshold manipulation, compressed bidding window, or repeat winner pattern.","duration=4.0d, threshold_val=₹364,343,378, flags=RF-4, RF-5, RF-6",0.87,Independent dual-blind forensic assessment.
2019_HPIPH_26804_1,AUDITOR_EXP_02,2026-08-24T21:00:00,35,"RF-5, RF-6",2,1,"Independent secondary audit: Elevated multi-factor risk: Co-occurrence of threshold manipulation, compressed bidding window, or repeat winner pattern.","duration=19.916666666666668d, threshold_val=₹2,167,550, flags=RF-5, RF-6",0.87,Independent dual-blind forensic assessment.
2019_HPIPH_28090_1-554,AUDITOR_EXP_02,2026-08-24T23:00:00,0,NONE,0,0,"Independent secondary audit: Compliant procurement: Competitive bidding window, standard price alignment, and multiple participating suppliers.","bidders=4, duration=8.083333333333334d, estimate_alignment=OK",0.94,Independent dual-blind forensic assessment.
RAJ-RA-2021-01222,AUDITOR_EXP_02,2026-08-25T01:00:00,35,"RF-3, RF-6",2,1,"Independent secondary audit: Elevated multi-factor risk: Co-occurrence of threshold manipulation, compressed bidding window, or repeat winner pattern.","duration=21.0d, threshold_val=₹4,696,505, flags=RF-3, RF-6",0.87,Independent dual-blind forensic assessment.
2017_PWD_14983_2,AUDITOR_EXP_02,2026-08-25T03:00:00,35,"RF-5, RF-6",2,1,"Independent secondary audit: Elevated multi-factor risk: Co-occurrence of threshold manipulation, compressed bidding window, or repeat winner pattern.","duration=23.75d, threshold_val=₹11,021,288, flags=RF-5, RF-6",0.87,Independent dual-blind forensic assessment.
UTT-UT-2021-01075,AUDITOR_EXP_02,2026-08-25T05:00:00,20,RF-5,1,0,Independent secondary audit: Isolated procedural deviation without evidence of systematic competition restriction.,"flags=RF-5, bidders=4",0.83,Independent dual-blind forensic assessment.
MAH-MA-2021-01163,AUDITOR_EXP_02,2026-08-25T07:00:00,35,"RF-5, RF-6",1,0,"Independent secondary audit: Elevated multi-factor risk: Co-occurrence of threshold manipulation, compressed bidding window, or repeat winner pattern.","duration=30.0d, threshold_val=₹2,263,363, flags=RF-5, RF-6",0.87,Independent dual-blind forensic assessment.
RAJ-RA-2021-01206,AUDITOR_EXP_02,2026-08-25T09:00:00,60,"RF-1, RF-5, RF-6",3,1,Independent secondary audit: Severe procurement anomaly: Single-bidder monopoly coupled with high price deviation or department dominance.,"bidders=1, price_deviation=0.35, flags=RF-1, RF-5, RF-6",0.9299999999999999,Independent dual-blind forensic assessment.
